period,value_nominal
1990-01-01,64.44
1990-02-01,64.73
1990-03-01,64.03
1990-04-01,66.02
1990-05-01,64.63
1990-06-01,64.08
1990-07-01,62.92
1990-08-01,61.77
1990-09-01,61.32
1990-10-01,61.36
1990-11-01,62.35
1990-12-01,62.17
1991-01-01,61.03
1991-02-01,61.75
1991-03-01,62.30
1991-04-01,61.04
1991-05-01,60.84
1991-06-01,61.34
1991-07-01,62.17
1991-08-01,61.77
1991-09-01,62.40
1991-10-01,64.54
1991-11-01,64.62
1991-12-01,64.35
1992-01-01,65.07
1992-02-01,65.90
1992-03-01,66.46
1992-04-01,64.76
1992-05-01,65.07
1992-06-01,65.93
1992-07-01,64.75
1992-08-01,63.15
1992-09-01,63.81
1992-10-01,61.82
1992-11-01,62.65
1992-12-01,61.33
1993-01-01,61.60
1993-02-01,61.43
1993-03-01,63.16
1993-04-01,62.83
1993-05-01,62.41
1993-06-01,61.81
1993-07-01,62.24
1993-08-01,60.85
1993-09-01,61.19
1993-10-01,61.53
1993-11-01,63.40
1993-12-01,64.66
1994-01-01,64.77
1994-02-01,64.51
1994-03-01,64.83
1994-04-01,64.06
1994-05-01,65.87
1994-06-01,65.51
1994-07-01,64.23
1994-08-01,66.56
1994-09-01,69.60
1994-10-01,70.26
1994-11-01,73.60
1994-12-01,73.32
1995-01-01,73.03
1995-02-01,74.74
1995-03-01,75.47
1995-04-01,74.29
1995-05-01,74.10
1995-06-01,75.32
1995-07-01,79.65
1995-08-01,78.14
1995-09-01,78.46
1995-10-01,80.51
1995-11-01,80.04
1995-12-01,78.19
1996-01-01,77.14
1996-02-01,77.59
1996-03-01,78.68
1996-04-01,80.91
1996-05-01,82.51
1996-06-01,80.66
1996-07-01,80.54
1996-08-01,80.14
1996-09-01,77.06
1996-10-01,74.36
1996-11-01,72.72
1996-12-01,71.52
1997-01-01,70.97
1997-02-01,71.22
1997-03-01,73.00
1997-04-01,73.52
1997-05-01,72.89
1997-06-01,70.34
1997-07-01,68.59
1997-08-01,69.97
1997-09-01,70.11
1997-10-01,69.87
1997-11-01,70.46
1997-12-01,68.15
1998-01-01,67.51
1998-02-01,67.75
1998-03-01,67.58
1998-04-01,67.04
1998-05-01,66.63
1998-06-01,64.41
1998-07-01,64.43
1998-08-01,62.58
1998-09-01,62.08
1998-10-01,62.88
1998-11-01,62.77
1998-12-01,62.23
1999-01-01,61.20
1999-02-01,58.57
1999-03-01,57.19
1999-04-01,56.00
1999-05-01,55.55
1999-06-01,54.76
1999-07-01,52.80
1999-08-01,54.63
1999-09-01,54.83
1999-10-01,53.50
1999-11-01,53.50
1999-12-01,52.08
2000-01-01,52.85
2000-02-01,52.50
2000-03-01,53.12
2000-04-01,53.70
2000-05-01,53.97
2000-06-01,54.23
2000-07-01,54.43
2000-08-01,53.52
2000-09-01,52.93
2000-10-01,53.69
2000-11-01,54.17
2000-12-01,54.80
2001-01-01,54.13
2001-02-01,54.62
2001-03-01,55.50
2001-04-01,55.00
2001-05-01,55.78
2001-06-01,55.21
2001-07-01,56.91
2001-08-01,57.02
2001-09-01,55.83
2001-10-01,54.53
2001-11-01,55.11
2001-12-01,54.60
2002-01-01,53.78
2002-02-01,52.00
2002-03-01,52.34
2002-04-01,51.35
2002-05-01,50.80
2002-06-01,51.62
2002-07-01,52.27
2002-08-01,53.71
2002-09-01,55.14
2002-10-01,55.52
2002-11-01,56.64
2002-12-01,56.02
2003-01-01,56.24
2003-02-01,56.86
2003-03-01,55.92
2003-04-01,55.93
2003-05-01,56.67
2003-06-01,56.42
2003-07-01,57.06
2003-08-01,57.82
2003-09-01,58.96
2003-10-01,60.62
2003-11-01,62.02
2003-12-01,62.88
2004-01-01,64.69
2004-02-01,65.47
2004-03-01,67.09
2004-04-01,67.66
2004-05-01,66.78
2004-06-01,66.44
2004-07-01,65.84
2004-08-01,64.78
2004-09-01,65.41
2004-10-01,64.90
2004-11-01,65.69
2004-12-01,66.04
2005-01-01,65.82
2005-02-01,66.24
2005-03-01,67.51
2005-04-01,65.97
2005-05-01,66.55
2005-06-01,67.38
2005-07-01,67.67
2005-08-01,67.64
2005-09-01,68.64
2005-10-01,69.54
2005-11-01,69.04
2005-12-01,69.78
2006-01-01,69.80
2006-02-01,70.81
2006-03-01,69.78
2006-04-01,70.10
2006-05-01,71.33
2006-06-01,71.39
2006-07-01,73.17
2006-08-01,73.06
2006-09-01,73.19
2006-10-01,75.13
2006-11-01,77.66
2006-12-01,78.80
2007-01-01,78.48
2007-02-01,80.04
2007-03-01,81.11
2007-04-01,83.87
2007-05-01,86.47
2007-06-01,91.38
2007-07-01,95.54
2007-08-01,99.11
2007-09-01,105.31
2007-10-01,107.86
2007-11-01,110.76
2007-12-01,114.66
2008-01-01,120.40
2008-02-01,128.38
2008-03-01,132.36
2008-04-01,130.66
2008-05-01,130.30
2008-06-01,132.73
2008-07-01,130.21
2008-08-01,121.21
2008-09-01,112.79
2008-10-01,97.79
2008-11-01,89.73
2008-12-01,86.30
2009-01-01,86.67
2009-02-01,84.49
2009-03-01,84.25
2009-04-01,87.40
2009-05-01,93.45
2009-06-01,93.41
2009-07-01,90.69
2009-08-01,93.48
2009-09-01,93.08
2009-10-01,94.83
2009-11-01,98.87
2009-12-01,100.84
2010-01-01,101.81
2010-02-01,99.26
2010-03-01,96.51
2010-04-01,97.06
2010-05-01,96.41
2010-06-01,95.88
2010-07-01,100.03
2010-08-01,107.76
2010-09-01,114.12
2010-10-01,120.05
2010-11-01,124.23
2010-12-01,129.36
2011-01-01,133.79
2011-02-01,137.68
2011-03-01,134.32
2011-04-01,136.33
2011-05-01,135.12
2011-06-01,134.75
2011-07-01,132.98
2011-08-01,132.72
2011-09-01,130.14
2011-10-01,125.61
2011-11-01,125.94
2011-12-01,121.93
2012-01-01,122.23
2012-02-01,125.34
2012-03-01,125.65
2012-04-01,124.40
2012-05-01,119.01
2012-06-01,115.78
2012-07-01,121.95
2012-08-01,123.18
2012-09-01,125.13
2012-10-01,124.01
2012-11-01,123.53
2012-12-01,122.79
2013-01-01,123.43
2013-02-01,123.33
2013-03-01,122.94
2013-04-01,122.89
2013-05-01,122.15
2013-06-01,120.91
2013-07-01,117.97
2013-08-01,116.18
2013-09-01,116.38
2013-10-01,118.70
2013-11-01,118.61
2013-12-01,118.23
2014-01-01,116.23
2014-02-01,118.62
2014-03-01,122.14
2014-04-01,121.46
2014-05-01,121.20
2014-06-01,119.24
2014-07-01,116.25
2014-08-01,112.79
2014-09-01,109.21
2014-10-01,109.34
2014-11-01,108.14
2014-12-01,105.17
2015-01-01,100.96
2015-02-01,98.71
2015-03-01,95.72
2015-04-01,94.59
2015-05-01,95.05
2015-06-01,94.57
2015-07-01,93.77
2015-08-01,89.51
2015-09-01,88.89
2015-10-01,90.26
2015-11-01,87.73
2015-12-01,87.00
2016-01-01,84.93
2016-02-01,86.08
2016-03-01,87.43
2016-04-01,89.10
2016-05-01,90.59
2016-06-01,93.76
2016-07-01,92.98
2016-08-01,95.30
2016-09-01,96.11
2016-10-01,95.91
2016-11-01,95.95
2016-12-01,95.27
2017-01-01,97.80
2017-02-01,98.12
2017-03-01,96.16
2017-04-01,95.04
2017-05-01,97.34
2017-06-01,97.76
2017-07-01,100.02
2017-08-01,99.24
2017-09-01,99.69
2017-10-01,98.85
2017-11-01,98.80
2017-12-01,96.37
2018-01-01,96.68
2018-02-01,97.75
2018-03-01,98.85
2018-04-01,98.38
2018-05-01,98.52
2018-06-01,96.83
2018-07-01,95.01
2018-08-01,95.84
2018-09-01,94.02
2018-10-01,93.16
2018-11-01,91.93
2018-12-01,92.04
2019-01-01,93.08
2019-02-01,93.83
2019-03-01,92.98
2019-04-01,93.47
2019-05-01,94.16
2019-06-01,95.40
2019-07-01,95.09
2019-08-01,93.85
2019-09-01,93.24
2019-10-01,95.04
2019-11-01,98.25
2019-12-01,100.79
2020-01-01,102.47
2020-02-01,99.59
2020-03-01,95.21
2020-04-01,92.42
2020-05-01,91.15
2020-06-01,93.14
2020-07-01,93.78
2020-08-01,95.67
2020-09-01,97.91
2020-10-01,101.32
2020-11-01,105.51
2020-12-01,108.46
2021-01-01,113.49
2021-02-01,116.50
2021-03-01,119.10
2021-04-01,122.06
2021-05-01,128.35
2021-06-01,125.36
2021-07-01,124.37
2021-08-01,127.99
2021-09-01,129.14
2021-10-01,133.27
2021-11-01,135.44
2021-12-01,133.72
2022-01-01,135.70
2022-02-01,141.67
2022-03-01,160.22
2022-04-01,158.80
2022-05-01,158.69
2022-06-01,155.66
2022-07-01,141.61
2022-08-01,138.69
2022-09-01,137.33
2022-10-01,136.67
2022-11-01,135.98
2022-12-01,133.10
2023-01-01,131.43
2023-02-01,130.73
2023-03-01,127.99
2023-04-01,128.39
2023-05-01,124.46
2023-06-01,123.01
2023-07-01,124.36
2023-08-01,121.80
2023-09-01,121.67
2023-10-01,120.72
2023-11-01,120.61
2023-12-01,119.07
2024-01-01,117.65
2024-02-01,117.45
2024-03-01,118.95
2024-04-01,119.25
2024-05-01,120.49
2024-06-01,120.99
2024-07-01,120.88
2024-08-01,121.67
2024-09-01,124.59
2024-10-01,126.88
2024-11-01,127.69
2024-12-01,127.30
2025-01-01,124.62
2025-02-01,126.60
2025-03-01,127.23
2025-04-01,128.16
2025-05-01,127.08
2025-06-01,128.09
2025-07-01,129.77
2025-08-01,130.02
2025-09-01,128.57
2025-10-01,126.42
2025-11-01,125.22
2025-12-01,124.51
2026-01-01,124.10
2026-02-01,125.47
2026-03-01,128.67
2026-04-01,131.02
2026-05-01,130.80
